[
  {
    "Name": "\uD478\uB978\uC12C",
    "Description": "\uC791\uC740 \uBAAC\uC2A4\uD130\uBB34\uB9AC\uAC00 \uC11C\uC2DD\uD558\uB294 \uC232\uC774 \uC6B0\uAC70\uC9C4 \uC12C\uC774\uB2E4.",
    "LevelLimit": 1
  },
  {
    "Name": "\uBCF4\uBB3C\uAD70\uB3C4",
    "Description": "\uD574\uC801\uB4E4\uC774 \uCD9C\uBAB0\uD558\uB294 \uAC70\uB300\uD55C \uAD70\uB3C4 \uC9C0\uC5ED\uC774\uB2E4.",
    "LevelLimit": 8
  },
  {
    "Name": "\uC810\uB828\uB41C \uC218\uB3C4",
    "Description": "\uC810\uB839\uB2F9\uD55C \uC81C\uAD6D\uC758 \uC624\uB798\uB41C \uC218\uB3C4\uC774\uB2E4.",
    "LevelLimit": 15
  },
  {
    "Name": "\uD558\uB298\uC12C",
    "Description": "\uC2E0\uBE44\uD55C \uC0DD\uBB3C\uB4E4\uC774 \uC11C\uC2DD\uD558\uB294 \uC228\uACA8\uC9C4 \uD558\uB298\uC12C\uC774\uB2E4.",
    "LevelLimit": 22
  },
  {
    "Name": "\uACE0\uB300\uC758 \uBBF8\uB85C\uC12C",
    "Description": "\uB4E4\uC5B4\uAC00\uBA74 \uB098\uC62C \uC218 \uC5C6\uB294 \uC61B \uC2E0\uB4E4\uC758 \uB545\uC774\uB2E4.",
    "LevelLimit": 30
  },
  {
    "Name": "\uC2AC\uB9AC\uD53C\uC6B0\uB4DC",
    "Description": "???",
    "LevelLimit": 40
  }
]